{"cameraMode":{"drawMode":0,"name":"Shaded","section":"Shading Mode"},"sceneLighting":false,"audioPlay":false,"sceneViewState":{"m_AlwaysRefresh":false,"showFog":true,"showSkybox":false,"showFlares":true,"showImageEffects":true,"showParticleSystems":true,"showVisualEffectGraphs":true,"m_FxEnabled":true},"in2DMode":false,"pivot":{"x":0.003046042285859585,"y":0.1735231876373291,"z":-0.06329755485057831},"rotation":{"x":0.08304928243160248,"y":0.38086020946502688,"z":-0.034371234476566318,"w":0.9202559590339661},"size":0.08362667262554169,"orthographic":false}