{"cameraMode":{"drawMode":0,"name":"Shaded","section":"Shading Mode"},"sceneLighting":true,"audioPlay":false,"sceneViewState":{"m_AlwaysRefresh":false,"showFog":true,"showSkybox":true,"showFlares":true,"showImageEffects":true,"showParticleSystems":true,"showVisualEffectGraphs":true,"m_FxEnabled":true},"in2DMode":false,"pivot":{"x":0.8046444654464722,"y":-0.3317725658416748,"z":-0.43847590684890749},"rotation":{"x":0.023407282307744027,"y":-0.9472880363464356,"z":0.07118207216262818,"w":0.3115011155605316},"size":2.137293577194214,"orthographic":false}